{
  "generated_at": "2025-05-19T01:13:24.031259+00:00",
  "avg_5star_pulls": {
    "0": 9.33333333333333,
    "1": 13.7171929824561,
    "2": 14.2206873977087,
    "3": 14.4659459459459,
    "4": 14.7810033444816,
    "5": 14.9070588235294,
    "6": 15,
    "7": 15.0969848584595,
    "8": 15.2,
    "9": 15.274584139265,
    "10": 15.3063492063492,
    "11": 15.3525319693095,
    "12": 15.4087569573284,
    "13": 15.442,
    "14": 15.4782608695652,
    "15": 15.5,
    "16": 15.5473083778966,
    "17": 15.6009056603774,
    "18": 15.6332631578947,
    "19": 15.6750819672131,
    "20": 15.7305693069307,
    "21": 15.760489432703,
    "22": 15.8,
    "23": 15.8341202281703,
    "24": 15.8709677419355,
    "25": 15.9016393442623,
    "26": 15.9219126819127,
    "27": 15.9425494505494,
    "28": 15.9570782608696,
    "29": 15.9823427109974,
    "30": 16,
    "31": 16.0283006535948,
    "32": 16.0705147247119,
    "33": 16.0950224618149,
    "34": 16.1215668883962,
    "35": 16.1304347826087,
    "36": 16.1403228070175,
    "37": 16.1553846153846,
    "38": 16.1838636363636,
    "39": 16.2093023255814,
    "40": 16.2262933657943,
    "41": 16.25,
    "42": 16.2796825396825,
    "43": 16.3076923076923,
    "44": 16.3398095238095,
    "45": 16.3605579232855,
    "46": 16.3686549707602,
    "47": 16.3911346765642,
    "48": 16.4191228070175,
    "49": 16.4420739611132,
    "50": 16.4594594594595,
    "51": 16.4728173374613,
    "52": 16.5,
    "53": 16.5293333333333,
    "54": 16.5512315270936,
    "55": 16.5652173913043,
    "56": 16.6,
    "57": 16.6109328493648,
    "58": 16.64826709062,
    "59": 16.6739250118652,
    "60": 16.6845112781955,
    "61": 16.7037551020408,
    "62": 16.7229787234043,
    "63": 16.7515789473684,
    "64": 16.7736335970785,
    "65": 16.7850931677019,
    "66": 16.8043548387097,
    "67": 16.8430769230769,
    "68": 16.8804751751447,
    "69": 16.8988965517241,
    "70": 16.9319540229885,
    "71": 16.9570638057595,
    "72": 16.9975,
    "73": 17,
    "74": 17.0260291060291,
    "75": 17.0434782608696,
    "76": 17.0799168399168,
    "77": 17.1120335429769,
    "78": 17.1437037037037,
    "79": 17.1638541318167,
    "80": 17.1875,
    "81": 17.2,
    "82": 17.2446666666667,
    "83": 17.2686153846154,
    "84": 17.3011162790698,
    "85": 17.3391902834008,
    "86": 17.3709169831796,
    "87": 17.402064516129,
    "88": 17.4491748251748,
    "89": 17.4902127659574,
    "90": 17.5219977125429,
    "91": 17.5772727272727,
    "92": 17.64,
    "93": 17.6923076923077,
    "94": 17.7613716108453,
    "95": 17.836,
    "96": 17.9580952380952,
    "97": 18.0996097560976,
    "98": 18.3160784313725,
    "99": 18.7685714285714,
    "100": 19.3076923076923
  },
  "total_pulls_per_user": {
    "0": 10,
    "1": 87.85,
    "2": 131.62,
    "3": 180,
    "4": 211,
    "5": 238.5,
    "6": 270.24,
    "7": 297.51,
    "8": 317.32,
    "9": 335.65,
    "10": 362.4,
    "11": 382.47,
    "12": 409.24,
    "13": 424.04,
    "14": 437.34,
    "15": 459.55,
    "16": 470.96,
    "17": 482.9,
    "18": 510,
    "19": 522.63,
    "20": 530.8,
    "21": 543.34,
    "22": 550.88,
    "23": 559.71,
    "24": 565,
    "25": 572,
    "26": 582.04,
    "27": 597,
    "28": 608,
    "29": 613,
    "30": 621.5,
    "31": 632.74,
    "32": 645.64,
    "33": 656.82,
    "34": 664.18,
    "35": 674.95,
    "36": 680.72,
    "37": 689,
    "38": 696.78,
    "39": 710.03,
    "40": 718.8,
    "41": 729.57,
    "42": 737.68,
    "43": 746.11,
    "44": 755.88,
    "45": 760,
    "46": 766,
    "47": 776.38,
    "48": 786.96,
    "49": 795.46,
    "50": 805,
    "51": 812,
    "52": 816.04,
    "53": 824,
    "54": 831.58,
    "55": 840.7,
    "56": 853.12,
    "57": 858.89,
    "58": 868,
    "59": 877.43,
    "60": 894.6,
    "61": 907.91,
    "62": 916.22,
    "63": 923,
    "64": 930.28,
    "65": 935,
    "66": 941.82,
    "67": 948,
    "68": 956,
    "69": 966.65,
    "70": 984.8,
    "71": 992.67,
    "72": 1003.44,
    "73": 1014.63,
    "74": 1024.94,
    "75": 1039.5,
    "76": 1057.52,
    "77": 1067,
    "78": 1078.06,
    "79": 1093.66,
    "80": 1107.6,
    "81": 1118.37,
    "82": 1126.14,
    "83": 1155.55,
    "84": 1172.68,
    "85": 1201,
    "86": 1229.32,
    "87": 1251.99,
    "88": 1284.04,
    "89": 1310.06,
    "90": 1330.3,
    "91": 1391.35,
    "92": 1437.36,
    "93": 1471.83,
    "94": 1569.2,
    "95": 1654.6,
    "96": 1784.96,
    "97": 1981.38,
    "98": 2224.12,
    "99": 2900.35,
    "100": 5119
  },
  "avg_4star_pulls_type2": {
    "0": 6,
    "1": 7.6021978021978,
    "2": 7.74615384615385,
    "3": 7.85509153318078,
    "4": 7.95892857142857,
    "5": 8.01466244725738,
    "6": 8.05714285714286,
    "7": 8.07692307692308,
    "8": 8.10846063454759,
    "9": 8.1253640776699,
    "10": 8.15238095238095,
    "11": 8.18279352226721,
    "12": 8.20498084291188,
    "13": 8.2296343001261,
    "14": 8.24948453608247,
    "15": 8.26868247298919,
    "16": 8.28494417862839,
    "17": 8.30372075182202,
    "18": 8.32037037037037,
    "19": 8.3401978021978,
    "20": 8.35483870967742,
    "21": 8.37467391304348,
    "22": 8.38642734202115,
    "23": 8.4,
    "24": 8.40760611205433,
    "25": 8.4191368788143,
    "26": 8.42952380952381,
    "27": 8.44117647058824,
    "28": 8.45254378648874,
    "29": 8.46511627906977,
    "30": 8.48148148148148,
    "31": 8.49227163461538,
    "32": 8.5,
    "33": 8.509510974201,
    "34": 8.51606112054329,
    "35": 8.51949367088607,
    "36": 8.52577597840756,
    "37": 8.5374537037037,
    "38": 8.54855837853269,
    "39": 8.55307824100514,
    "40": 8.55652173913044,
    "41": 8.56558125380402,
    "42": 8.57142857142857,
    "43": 8.5750221238938,
    "44": 8.58064516129032,
    "45": 8.59053651266766,
    "46": 8.6,
    "47": 8.61103896103896,
    "48": 8.62203630175837,
    "49": 8.62698778833107,
    "50": 8.63793103448276,
    "51": 8.64383561643836,
    "52": 8.65312705727452,
    "53": 8.66252906976744,
    "54": 8.6707404103479,
    "55": 8.67647058823529,
    "56": 8.68306560392397,
    "57": 8.69063035286057,
    "58": 8.69833755987602,
    "59": 8.70731707317073,
    "60": 8.71875,
    "61": 8.72493119266055,
    "62": 8.73333333333333,
    "63": 8.73684210526316,
    "64": 8.74193548387097,
    "65": 8.74560862865948,
    "66": 8.75418803418803,
    "67": 8.76249701599427,
    "68": 8.76902145473574,
    "69": 8.77960088691796,
    "70": 8.79787234042553,
    "71": 8.80626370184779,
    "72": 8.81390878909663,
    "73": 8.8271085727472,
    "74": 8.83333333333333,
    "75": 8.84184471078687,
    "76": 8.85014925373134,
    "77": 8.86666666666667,
    "78": 8.88460591133005,
    "79": 8.89881355932203,
    "80": 8.91176470588235,
    "81": 8.92074493163602,
    "82": 8.94484848484849,
    "83": 8.96171489061397,
    "84": 8.97975675118532,
    "85": 9,
    "86": 9.01123595505618,
    "87": 9.03017127799736,
    "88": 9.06073469387755,
    "89": 9.0820345834269,
    "90": 9.09722222222222,
    "91": 9.11538461538461,
    "92": 9.1294259333601,
    "93": 9.15384615384615,
    "94": 9.17590759075908,
    "95": 9.1990990990991,
    "96": 9.24555555555555,
    "97": 9.29941176470588,
    "98": 9.35454545454546,
    "99": 9.64130434782609,
    "100": 10
  },
  "avg_4star_pulls_type3": {
    "0": 1,
    "1": 2.68392156862745,
    "2": 3.0955,
    "3": 3.33333333333333,
    "4": 3.48142602495544,
    "5": 3.5266081871345,
    "6": 3.58031294452347,
    "7": 3.6046511627907,
    "8": 3.63636363636364,
    "9": 3.66666666666667,
    "10": 3.68481203007519,
    "11": 3.71088172043011,
    "12": 3.71858660736348,
    "13": 3.72863636363636,
    "14": 3.74249350649351,
    "15": 3.7606884057971,
    "16": 3.77777777777778,
    "17": 3.78675324675325,
    "18": 3.79676136363636,
    "19": 3.80512195121951,
    "20": 3.81421926910299,
    "21": 3.82154598825832,
    "22": 3.82777639751553,
    "23": 3.84,
    "24": 3.84397727272727,
    "25": 3.85714285714286,
    "26": 3.87408339889851,